ID|Facility_Code|Facility Name|Region Name|Province_name|City/Municipality Name|Barangay Name|Health Facility Type|Ownership Major Classification|Date Operational|Operational Status|Functionality_status|total_no_of_days_operational_in_week|opeational_days_in_month|Machine_operation_hours_daily|total_hours_operation_in_month|Total Machines|Combined Total Modules of ALL GX machines|Combined Total of Functional Modules|Combined Total of Non-Functional Modules|avg_time_to_complete_test_in_hr|Estimated_test_can_be_done_in_month|Total_test_completed|Percentage_utilization|Xpert_utilization_rate|Percentage_availability|utilization_threshold|Latitude|Longitude|average_utilization|staddev_utilization|zscore|Open_From|Open_To|Source_latitude|Source_longitude|amount|Disease_type|STrider_allocated|stRider_location_lat|stRider_location_long|stRider_address|mean_utilization|std_deviation|zscore_calculated|UtilizationCategory|Source_lat|Source_lon|Source_lat_rad|Source_lon_rad|Latitude_rad|Longitude_rad|Distance_to_Source_km|Cluster|source_facility_icon|target_facility_icon
1|DOH000000000000021|Klinika Bernardo|NATIONAL CAPITAL REGION|NCR, SECOND DISTRICT|QUEZON CITY|PINAGKAISAHAN|Rural Health Unit|Government|01-10-2018|Operational|Functional|5|20|12|240|2|8|8|0|3|640||0.0|0|100.0|0|14.72079382|121.036529|50.61693694|34.2588236|-1.477486137|09-01-2023 07:00|09-01-2023 18:00|14.5786085|120.9861|136|Covid-19|EVANGELISTA, Jomar|14.676097|121.0435686|M2CQ+74 Quezon City, Metro Manila, Philippines|50.61693693693694|34.258823595808344|0.0|Underutilized|14.5786085|120.9861|0.25444471868423174|2.1116057941471116|0.2569263206662335|2.1124859462355996|16.715184786244425|Cluster_gthn_10km|car|place
2|DOH000000000000102|Payatas B Health Center|NATIONAL CAPITAL REGION|NCR, SECOND DISTRICT|QUEZON CITY|PAYATAS|Rural Health Unit|NCR, SECOND DISTRICT (Not a Province)|31-05-2019|Operational|Functional|1|4|12|48|1|4|2|2|3|32|135.0|96.56|33.75|50.0|1|14.71629|121.10131|50.61693694|34.2588236|1.341057813|09-01-2023 07:00|09-01-2023 18:00|14.5786085|120.9861|2708|HIV|EVANGELISTA, Jomar|14.676097|121.0435686|M2CQ+74 Quezon City, Metro Manila, Philippines|50.61693693693694|34.258823595808344|1.3410578134587294|Overutilized|14.5786085|120.9861|0.25444471868423174|2.1116057941471116|0.2568477141783163|2.113616587978334|19.697762095497424|Cluster_gthn_10km|car|place
3|DOH000000000000178|W. Dela Paz Health Center|NATIONAL CAPITAL REGION|NCR, SECOND DISTRICT|CITY OF PASIG|DELA PAZ|Rural Health Unit||17-12-2019|Operational|Functional|5|20|12|240|1|4|4|0|3|320|202.0|63.13|50.5|100.0|0|14.6134861|121.0959186|50.61693694|34.2588236|0.36525081|09-01-2023 07:00|09-01-2023 18:00|14.5786085|120.9861|806|Covid-19|MIRANDA, Emmanuel N.|14.57636261|121.0920004|25 B Harrison, Pasig, 1607 Metro Manila, Philippines|50.61693693693694|34.258823595808344|0.3652508098554228|Optimally Utilized|14.5786085|120.9861|0.25444471868423174|2.1116057941471116|0.25505344763942533|2.113522490297042|12.437285156653141|Cluster_gthn_10km|car|place
4|DOH000000000000502|Dr. Jose N. Rodriguez Memorial Hospital|NATIONAL CAPITAL REGION|NCR, THIRD DISTRICT|CALOOCAN CITY|BARANGAY 188|Hospital|Government|19-12-2011|Operational|Functional|5|20|12|240|2|8|7|1|3|560|221.0|39.46|27.63|87.5|0|14.766856|121.06442|50.61693694|34.2588236|-0.325666084|09-01-2023 07:00|09-01-2023 18:00|14.5786085|120.9861|314|TB|DELA CRUZ, Aaron Joseph C.|14.7219892|121.0344447|P28C+M64, Novaliches, Quezon City, Metro Manila, Philippines|50.61693693693694|34.258823595808344|-0.32566608440991585|Optimally Utilized|14.5786085|120.9861|0.25444471868423174|2.1116057941471116|0.2577302573678798|2.1129727360172734|22.563963336870337|Cluster_gthn_10km|car|place
5|DOH000000000000540|East Avenue Medical Center|NATIONAL CAPITAL REGION|NCR, SECOND DISTRICT|QUEZON CITY|CENTRAL|Hospital|Government|21-03-2014|Operational|Functional|4|16|12|192|1|4|4|0|3|256|305.0|96.56|76.25|100.0|0|14.6423301|121.0480834|50.61693694|34.2588236|1.341057813|09-01-2023 07:00|09-01-2023 18:00|14.5786085|120.9861|276|HIV|ESTOMATA, Anthony|14.6658717|121.0678729|5 Valerio Kalaw, Quezon City, Metro Manila, Philippines|50.61693693693694|34.258823595808344|1.3410578134587294|Overutilized|14.5786085|120.9861|0.25444471868423174|2.1116057941471116|0.2555568704088706|2.112687608558692|9.730622300167823|Cluster_10km|car|place
6|DOH000000000000586|Jose R. Reyes Memorial Medical Center|NATIONAL CAPITAL REGION|NCR, FIRST DISTRICT|SANTA CRUZ|BARANGAY 331|Hospital|Government|14-12-2022|Operational|Functional|1|4|12|48|1|4|4|0|3|64|40.0|62.5|10|100.0|0|14.61411|120.98201|50.61693694|34.2588236|0.346861387|09-01-2023 07:00|09-01-2023 18:00|14.5786085|120.9861|447|HIV|CALISIN, Carlo A.|14.67192|120.98271|2nd Flr, 1441-1449 Tayuman St, Santa Cruz, Manila, 1014 Metro Manila, Philippines|50.61693693693694|34.258823595808344|0.3468613868141399|Optimally Utilized|14.5786085|120.9861|0.25444471868423174|2.1116057941471116|0.2550643367486285|2.111534410180705|3.972044392087595|Cluster_5km|car|place
7|DOH000000000000615|Las Piñas General Hospital and Satellite Trauma Center|NATIONAL CAPITAL REGION|NCR, FOURTH DISTRICT|CITY OF LAS PINAS|PULANG LUPA UNO|Hospital|Government|01-11-2019|Operational|Functional|7|28|12|336|2|8|8|0|3|896|61.0|6.81|7.63|100.0|0|14.4717741|120.9740679|50.61693694|34.2588236|-1.278705231|09-01-2023 07:00|09-01-2023 18:00|14.5786085|120.9861|2057|HIV|DELA CRUZ, Eleazar C.|14.4562418|120.9945891|FX5J+FFP, Las Piñas, Metro Manila, Philippines|50.61693693693694|34.258823595808344|-1.2787052309144913|Underutilized|14.5786085|120.9861|0.25444471868423174|2.1116057941471116|0.2525801066498391|2.111395794386182|11.949835721951775|Cluster_gthn_10km|car|place
8|DOH000000000000655|Manila Public Health Laboratory|NATIONAL CAPITAL REGION|NCR, FIRST DISTRICT|ERMITA|BARANGAY 666|Hospital||03-01-2015|Operational|Functional|4|16|12|192|1|4|1|3|3|64|232.0|96.56|58|25.0|1|14.57700748|120.9901531|50.61693694|34.2588236|1.341057813|09-01-2023 07:00|09-01-2023 18:00|14.5786085|120.9861|1082|Covid-19|DOMINGO, Johanna Roman|14.589613|120.9749784|HXPQ+35G, Conde de Gamazo, Intramuros, Manila, Metro Manila, Philippines|50.61693693693694|34.258823595808344|1.3410578134587294|Overutilized|14.5786085|120.9861|0.25444471868423174|2.1116057941471116|0.25441677561384146|2.111676534087024|0.47110697154071474|Cluster_5km|car|place
9|DOH000000000000700|Pasig City General Hospital|NATIONAL CAPITAL REGION|NCR, SECOND DISTRICT|CITY OF PASIG|MAYBUNGA|Hospital|NCR, SECOND DISTRICT (Not a Province)|29-11-2014|Operational|Functional|7|28|12|336|1|4|4|0|3|448|285.0|63.62|71.25|100.0|0|14.5723135|121.0993376|50.61693694|34.2588236|0.379553694|09-01-2023 07:00|09-01-2023 18:00|14.5786085|120.9861|1884|HIV|MIRANDA, Emmanuel N.|14.57636261|121.0920004|25 B Harrison, Pasig, 1607 Metro Manila, Philippines|50.61693693693694|34.258823595808344|0.379553694443087|Optimally Utilized|14.5786085|120.9861|0.25444471868423174|2.1116057941471116|0.2543348502078187|2.113582163104168|12.206302986616274|Cluster_gthn_10km|car|place
10|DOH000000000000715|Philippine Orthopedic Center|NATIONAL CAPITAL REGION|NCR, SECOND DISTRICT|QUEZON CITY|SANTA TERESITA|Hospital|NCR, SECOND DISTRICT (Not a Province)|28-04-2014|Operational|Functional|5|20|12|240|1|4|1|3|3|80|200.0|96.56|50|25.0|1|14.627411|121.003622|50.61693694|34.2588236|1.341057813|09-01-2023 07:00|09-01-2023 18:00|14.5786085|120.9861|3293|TB|CRUZ, Ronaldo|14.6220442|121.025661|1180 E Rodriguez Sr. Ave, New Manila, Quezon City, 1112 Metro Manila, Philippines|50.61693693693694|34.258823595808344|1.3410578134587294|Overutilized|14.5786085|120.9861|0.25444471868423174|2.1116057941471116|0.2552964829924363|2.111911610738646|5.744796150064948|Cluster_10km|car|place
11|DOH000000000000727|Rizal Medical Center|NATIONAL CAPITAL REGION|NCR, SECOND DISTRICT|CITY OF PASIG|BAGONG ILOG|Hospital|NCR, SECOND DISTRICT (Not a Province)|21-03-2018|Operational|Functional|5|20|12|240|1|4|4|0|3|320|291.0|90.94|72.75|100.0|0|14.564082|121.0658777|50.61693694|34.2588236|1.177012484|09-01-2023 07:00|09-01-2023 18:00|14.5786085|120.9861|3643|HIV|MIRANDA, Emmanuel N.|14.57636261|121.0920004|25 B Harrison, Pasig, 1607 Metro Manila, Philippines|50.61693693693694|34.258823595808344|1.1770124841063336|Overutilized|14.5786085|120.9861|0.25444471868423174|2.1116057941471116|0.2541911834304408|2.1129981776817797|8.736171102352479|Cluster_10km|car|place
12|DOH000000000000788|Taguig Pateros District Hospital|NATIONAL CAPITAL REGION|NCR, FOURTH DISTRICT|TAGUIG CITY|WESTERN BICUTAN|Hospital||17-06-2019|Operational|Functional|4|16|12|192|1|4|4|0|3|256|400.0|96.56|100|100.0|0|14.510543|121.034078|50.61693694|34.2588236|1.341057813|09-01-2023 07:00|09-01-2023 18:00|14.5786085|120.9861|520|HIV|AMOR, Willyfield D.|14.50645|121.0455|DBP Ave, Taguig, 1630 Metro Manila, Philippines|50.61693693693694|34.258823595808344|1.3410578134587294|Overutilized|14.5786085|120.9861|0.25444471868423174|2.1116057941471116|0.25325675160221556|2.1124431682156333|9.162371065069289|Cluster_10km|car|place
13|DOH000000000000802|Valenzuela Medical Center|NATIONAL CAPITAL REGION|NCR, THIRD DISTRICT|CITY OF VALENZUELA|KARUHATAN|Hospital|NCR, THIRD DISTRICT (Not a Province)|02-02-2015|Operational|Functional|5|20|12|240|1|4|3|1|3|240|450.0|96.56|112.5|75.0|1|14.689624|120.978473|50.61693694|34.2588236|1.341057813|09-01-2023 07:00|09-01-2023 18:00|14.5786085|120.9861|3709|HIV|KELLEY, Mark Lester C.|14.6852989|120.9908765|P222+W5C, Valenzuela, Metro Manila, Philippines|50.61693693693694|34.258823595808344|1.3410578134587294|Overutilized|14.5786085|120.9861|0.25444471868423174|2.1116057941471116|0.2563823046799795|2.111472677885062|12.371603355373194|Cluster_gthn_10km|car|place
14|DOH000000000000812|Almanza Uno Health Center|NATIONAL CAPITAL REGION|NCR, FOURTH DISTRICT|CITY OF LAS PINAS|ALMANZA UNO|Rural Health Unit|Government|01-10-2019|Operational|Functional|2|8|12|96|1|4|2|2|3|64|141.0|96.56|35.25|50.0|1|14.4184987|121.0178381|50.61693694|34.2588236|1.341057813|09-01-2023 07:00|09-01-2023 18:00|14.5786085|120.9861|1935|TB|DELA CRUZ, Eleazar C.|14.4562418|120.9945891|FX5J+FFP, Las Piñas, Metro Manila, Philippines|50.61693693693694|34.258823595808344|1.3410578134587294|Overutilized|14.5786085|120.9861|0.25444471868423174|2.1116057941471116|0.2516502755095221|2.1121597284904388|18.128292195921308|Cluster_gthn_10km|car|place
15|DOH000000000000817|Atang Dela Rama Health Center|NATIONAL CAPITAL REGION|NCR, FIRST DISTRICT|TONDO I / II|BARANGAY 175|Rural Health Unit|Government|04-06-2019|Operational|Functional|5|20|12|240|1|4|4|0|3|320|115.0|35.94|28.75|100.0|0|14.629097|120.971749|50.61693694|34.2588236|-0.428413337|09-01-2023 07:00|09-01-2023 18:00|14.5786085|120.9861|64|HIV|BUGAWAN, Marcelo G. Jr.|14.62796918|120.9639863|C. Playa, Tondo, Manila, Metro Manila, Philippines|50.61693693693694|34.258823595808344|-0.4284133369580356|Optimally Utilized|14.5786085|120.9861|0.25444471868423174|2.1116057941471116|0.2553259092436249|2.111355321946158|5.822567224332476|Cluster_10km|car|place
16|DOH000000000000840|Krus na Ligas Health Center|NATIONAL CAPITAL REGION|NCR, SECOND DISTRICT|QUEZON CITY|KRUS NA LIGAS|Rural Health Unit|Government|01-10-2019|Operational|Functional|5|20|12|240|1|4|4|0|3|320|159.0|49.69|39.75|100.0|0|14.644362|121.064056|50.61693694|34.2588236|-0.027056882|09-01-2023 07:00|09-01-2023 18:00|14.5786085|120.9861|2753|TB|CALAYWAN, Genesis|14.6872734|121.1056781|J3G3+CR Quezon City, Metro Manila, Philippines|50.61693693693694|34.258823595808344|-0.027056881691943244|Optimally Utilized|14.5786085|120.9861|0.25444471868423174|2.1116057941471116|0.2555923337539418|2.112966383018796|11.127234882833426|Cluster_gthn_10km|car|place
17|DOH000000000000844|Dimasalang Health Center|NATIONAL CAPITAL REGION|NCR, FIRST DISTRICT|SANTA CRUZ|BARANGAY 368|Rural Health Unit|Government|09-08-2018|Operational|Functional|5|20|12|240|1|4|4|0|3|320|278.0|86.88|69.5|100.0|0|14.6227366|120.9874593|50.61693694|34.2588236|1.058502869|09-01-2023 07:00|09-01-2023 18:00|14.5786085|120.9861|3783|HIV|CALISIN, Carlo A.|14.67192|120.98271|2nd Flr, 1441-1449 Tayuman St, Santa Cruz, Manila, 1014 Metro Manila, Philippines|50.61693693693694|34.258823595808344|1.0585028689514002|Overutilized|14.5786085|120.9861|0.25444471868423174|2.1116057941471116|0.2552148993218811|2.111629518407634|4.909000363031102|Cluster_5km|car|place
18|DOH000000000000847|Potrero Health Center|NATIONAL CAPITAL REGION|NCR, THIRD DISTRICT|CITY OF MALABON|POTRERO|Rural Health Unit|NCR, THIRD DISTRICT (Not a Province)|01-07-2019|Operational|Functional|5|20|12|240|1|4|3|1|3|240|164.0|68.33|41|75.0|0|14.6625828|120.98493|50.61693694|34.2588236|0.517036524|09-01-2023 07:00|09-01-2023 18:00|14.5786085|120.9861|2029|TB|LAQUINDANUM, Raul|14.67080616|120.9696261|B. Rivera St, Malabon, Metro Manila, Philippines|50.61693693693694|34.258823595808344|0.517036523846963|Optimally Utilized|14.5786085|120.9861|0.25444471868423174|2.1116057941471116|0.2559103467062892|2.1115853737948633|9.33836466166501|Cluster_10km|car|place
19|DOH000000000000850|Esperanza Health Center|NATIONAL CAPITAL REGION|NCR, FIRST DISTRICT|PANDACAN|BARANGAY 842|Rural Health Unit|Government|09-12-2019|Operational|Functional|5|20|12|240|1|4|4|0|3|320|98.0|30.63|24.5|100.0|0|14.6006291|121.012996|50.61693694|34.2588236|-0.583409903|09-01-2023 07:00|09-01-2023 18:00|14.5786085|120.9861|621|TB|MANESE, Daryl|14.6103931|120.9868841|Dapitan St, cor Santander St, Sampaloc, Manila, Philippines|50.61693693693694|34.258823595808344|-0.5834099025917047|Optimally Utilized|14.5786085|120.9861|0.25444471868423174|2.1116057941471116|0.25482905065749645|2.112075217902728|3.791081395912886|Cluster_5km|car|place
20|DOH000000000000870|Navotas Medical and Wellness Center|NATIONAL CAPITAL REGION|NCR, THIRD DISTRICT|CITY OF NAVOTAS|SAN JOSE (POB.)|Rural Health Unit||08-09-2015|Operational|Functional|5|20|12|240|2|8|6|2|3|480||0.0|0|75.0|0|14.65800119|120.9479336|50.61693694|34.2588236|-1.477486137|09-01-2023 07:00|09-01-2023 18:00|14.5786085|120.9861|2293|TB|DE JESUS, Enrique J.|14.6133321|121.0070635|14 1A Premero de Mayo St, Galas, Quezon City, 1113 Metro Manila, Philippines|50.61693693693694|34.258823595808344|0.0|Underutilized|14.5786085|120.9861|0.25444471868423174|2.1116057941471116|0.25583038252674695|2.110939664803478|9.736441580328506|Cluster_10km|car|place
21|DOH000000000000872|Arsenia J. Maximo Health Center|NATIONAL CAPITAL REGION|NCR, SECOND DISTRICT|QUEZON CITY|NOVALICHES PROPER|Rural Health Unit|Government|01-08-2017|Operational|Functional|3|12|12|144|1|4|4|0|3|192|182.0|94.79|45.5|100.0|0|14.720749|121.039522|50.61693694|34.2588236|1.289392292|09-01-2023 07:00|09-01-2023 18:00|14.5786085|120.9861|3105|TB|EVANGELISTA, Jomar|14.676097|121.0435686|M2CQ+74 Quezon City, Metro Manila, Philippines|50.61693693693694|34.258823595808344|1.2893922915808398|Overutilized|14.5786085|120.9861|0.25444471868423174|2.1116057941471116|0.25692553840966276|2.112538183940112|16.817763642946517|Cluster_gthn_10km|car|place
22|DOH000000000000876|Bagong Pag-Asa Health Center|NATIONAL CAPITAL REGION|NCR, SECOND DISTRICT|QUEZON CITY|BAGONG PAG-ASA|Rural Health Unit|Government|22-10-2019|Operational|Functional|5|20|12|240|1|4|4|0|3|320|133.0|41.56|33.25|100.0|0|14.6622805|121.0341009|50.61693694|34.2588236|-0.264368008|09-01-2023 07:00|09-01-2023 18:00|14.5786085|120.9861|1061|Covid-19|ESTOMATA, Anthony|14.6658717|121.0678729|5 Valerio Kalaw, Quezon City, Metro Manila, Philippines|50.61693693693694|34.258823595808344|-0.2643680076056399|Optimally Utilized|14.5786085|120.9861|0.25444471868423174|2.1116057941471116|0.25590507057596046|2.1124435678960323|10.641237653112784|Cluster_gthn_10km|car|place
23|DOH000000000000885|Punturin 3S Health Center|NATIONAL CAPITAL REGION|NCR, THIRD DISTRICT|CITY OF VALENZUELA|PUNTURIN|Rural Health Unit||04-12-2019|Operational|Functional|5|20|12|240|1|4|3|1|3|240|138.0|57.5|34.5|75.0|0|14.7410429|120.9903097|50.61693694|34.2588236|0.200913585|09-01-2023 07:00|09-01-2023 18:00|14.5786085|120.9861|951|HIV|KELLEY, Mark Lester C.|14.6852989|120.9908765|P222+W5C, Valenzuela, Metro Manila, Philippines|50.61693693693694|34.258823595808344|0.20091358489919725|Optimally Utilized|14.5786085|120.9861|0.25444471868423174|2.1116057941471116|0.2572797337827332|2.1116792672726326|18.067557470359006|Cluster_gthn_10km|car|place
24|DOH000000000000897|San Nicolas Health Center|NATIONAL CAPITAL REGION|NCR, FIRST DISTRICT|SAN NICOLAS|BARANGAY 285|Rural Health Unit|NCR, CITY OF MANILA, FIRST DISTRICT (Not a Province)|14-10-2019|Operational|Functional|5|20|12|240|1|4|2|2|3|160|130.0|81.25|32.5|50.0|0|14.5985848|120.9709712|50.61693694|34.2588236|0.894165644|09-01-2023 07:00|09-01-2023 18:00|14.5786085|120.9861|1584|TB|SILVESTRE, Sajid|14.571807|121.019685|Hippodromo St, Circuit Makati, Makati, 1630 Metro Manila, Philippines|50.61693693693694|34.258823595808344|0.894165643995175|Optimally Utilized|14.5786085|120.9861|0.25444471868423174|2.1116057941471116|0.25479337089159787|2.111341746775236|2.753983245815512|Cluster_5km|car|place
25|DOH000000000001483|West Crame Health Center|NATIONAL CAPITAL REGION|NCR, SECOND DISTRICT|CITY OF SAN JUAN|WEST CRAME|Rural Health Unit|NCR, SECOND DISTRICT (Not a Province)|01-08-2017|Operational|Functional|5|20|12|240|1|4|4|0|3|320|11.0|3.44|2.75|100.0|0|14.6047325|121.0502761|50.61693694|34.2588236|-1.377074049|09-01-2023 07:00|09-01-2023 18:00|14.5786085|120.9861|359|TB|GUINTU, Bon Louieze M.|14.6026312|121.0381049|606 General S. De Jesus, San Juan, Metro Manila, Philippines|50.61693693693694|34.258823595808344|-1.377074049405163|Underutilized|14.5786085|120.9861|0.25444471868423174|2.1116057941471116|0.2549006684980228|2.1127258783932006|7.49196176297779|Cluster_10km|car|place
26|DOH000000000001944|Tunasan Health Center|NATIONAL CAPITAL REGION|NCR, FOURTH DISTRICT|CITY OF MUNTINLUPA|TUNASAN|Rural Health Unit|NCR, FOURTH DISTRICT (Not a Province)|01-09-2015|Operational|Functional|2|8|12|96|1|4|4|0|3|128|123.0|96.09|30.75|100.0|0|14.376872|121.048053|50.61693694|34.2588236|1.32733872|09-01-2023 07:00|09-01-2023 18:00|14.5786085|120.9861|3396|HIV|TATLONG HARI, Mary Jane M. |14.4199739|121.0346812|1781 Filinvest Ave, Alabang, Muntinlupa, Metro Manila, Philippines|50.61693693693694|34.258823595808344|1.3273387200787248|Overutilized|14.5786085|120.9861|0.25444471868423174|2.1116057941471116|0.2509237525377822|2.1126870779785993|23.402739469321254|Cluster_gthn_10km|car|place
27|DOH000000000002237|Alabang Health Center|NATIONAL CAPITAL REGION|NCR, FOURTH DISTRICT|CITY OF MUNTINLUPA|ALABANG|Rural Health Unit|Government|07-11-2019|Operational|Functional|5|20|12|240|1|4|3|1|3|240|200.0|83.33|50|75.0|0|14.418945|121.044649|50.61693694|34.2588236|0.95487993|09-01-2023 07:00|09-01-2023 18:00|14.5786085|120.9861|155|HIV|TATLONG HARI, Mary Jane M. |14.4199739|121.0346812|1781 Filinvest Ave, Alabang, Muntinlupa, Metro Manila, Philippines|50.61693693693694|34.258823595808344|0.954879929591791|Optimally Utilized|14.5786085|120.9861|0.25444471868423174|2.1116057941471116|0.2516580649139738|2.112627666970862|18.83943673827187|Cluster_gthn_10km|car|place
28|DOH000000000002263|Dr. Mariano C. Icasiano Health Center and Lying-In Clinic|NATIONAL CAPITAL REGION|NCR, FIRST DISTRICT|PACO|BARANGAY 812|Rural Health Unit|Government|09-12-2019|Operational|Functional|5|20|12|240|1|4|4|0|3|320|110.0|34.38|27.5|100.0|0|14.53723|121.0808|50.61693694|34.2588236|-0.473949051|09-01-2023 07:00|09-01-2023 18:00|14.5786085|120.9861|2963|TB|DOMINGO, Johanna Roman|14.589613|120.9749784|HXPQ+35G, Conde de Gamazo, Intramuros, Manila, Metro Manila, Philippines|50.61693693693694|34.258823595808344|-0.4739490511554975|Optimally Utilized|14.5786085|120.9861|0.25444471868423174|2.1116057941471116|0.25372252761969527|2.1132586209487503|11.182503809939284|Cluster_gthn_10km|car|place
29|DOH000000000002418|Sta. Lucia Super Health Center|NATIONAL CAPITAL REGION|NCR, SECOND DISTRICT|QUEZON CITY|SANTA LUCIA|Rural Health Unit||10-07-2019|Operational|Functional|3|12|12|144|1|4|4|0|3|192|142.0|73.96|35.5|100.0|0|14.707508|121.05349|50.61693694|34.2588236|0.681373749|09-01-2023 07:00|09-01-2023 18:00|14.5786085|120.9861|2429|Covid-19|BENAVIDEZ, Michael|14.65802245|121.074828|Tandang Sora Ave, Quezon City,Metro Manila,Philippines|50.61693693693694|34.258823595808344|0.6813737488031884|Optimally Utilized|14.5786085|120.9861|0.25444471868423174|2.1116057941471116|0.2566944393634062|2.1127819715300307|16.062285989213585|Cluster_gthn_10km|car|place
30|DOH000000000002472|E. Aldana Health Center|NATIONAL CAPITAL REGION|NCR, FOURTH DISTRICT|CITY OF LAS PINAS|ELIAS ALDANA|Rural Health Unit|Government|10-11-2015|Non-Operational|Functional|0|0|12|0|1|4|3|1|3|0|0.0|0.0|0|75.0|0|14.477546|120.979864|50.61693694|34.2588236|-1.477486137|09-01-2023 07:00|09-01-2023 18:00|14.5786085|120.9861|2476|Covid-19|DELA CRUZ, Eleazar C.|14.4562418|120.9945891|FX5J+FFP, Las Piñas, Metro Manila, Philippines|50.61693693693694|34.258823595808344|0.0|Not Operational|14.5786085|120.9861|0.25444471868423174|2.1116057941471116|0.252680845308935|2.111496955414957|11.257666453306726|Cluster_gthn_10km|car|place
31|DOH000000000002524|Tondo Health Center|NATIONAL CAPITAL REGION|NCR, FIRST DISTRICT|TONDO I / II|BARANGAY 165|Rural Health Unit|NCR, CITY OF MANILA, FIRST DISTRICT (Not a Province)|29-05-2019|Operational|Functional|5|20|12|240|1|4|4|0|3|320|138.0|43.13|34.5|100.0|0|14.626034|120.973641|50.61693694|34.2588236|-0.218540398|09-01-2023 07:00|09-01-2023 18:00|14.5786085|120.9861|842|TB|BUGAWAN, Marcelo G. Jr.|14.62796918|120.9639863|C. Playa, Tondo, Manila, Metro Manila, Philippines|50.61693693693694|34.258823595808344|-0.2185403978043479|Optimally Utilized|14.5786085|120.9861|0.25444471868423174|2.1116057941471116|0.25527244980863634|2.1113883435756056|5.441215215972233|Cluster_10km|car|place
32|DOH000000000003029|Bagong Silang Phase 2 Health Center|NATIONAL CAPITAL REGION|NCR, THIRD DISTRICT|CALOOCAN CITY|BARANGAY 176|Rural Health Unit|Government|01-06-2019|Operational|Functional|3|12|12|144|2|8|8|0|3|384|314.0|81.77|39.25|100.0|0|14.774702|121.051281|50.61693694|34.2588236|0.909344215|09-01-2023 07:00|09-01-2023 18:00|14.5786085|120.9861|1827|HIV|TRINO, Efren G.|14.76847558|121.0370721|MX3C+WPG, A. Mabini St, Sangandaan, Caloocan, Metro Manila, Philippines|50.61693693693694|34.258823595808344|0.9093442153943289|Optimally Utilized|14.5786085|120.9861|0.25444471868423174|2.1116057941471116|0.2578671959009912|2.112743417206854|22.904127881718768|Cluster_gthn_10km|car|place
33|DOH000000000003062|Velasquez Health Center|NATIONAL CAPITAL REGION|NCR, FIRST DISTRICT|TONDO I / II|BARANGAY  97|Rural Health Unit|NCR, CITY OF MANILA, FIRST DISTRICT (Not a Province)|03-06-2019|Operational|Functional|5|20|12|240|2|8|7|1|3|560|151.0|26.96|18.88|87.5|0|14.6213916|120.9646976|50.61693694|34.2588236|-0.690535589|09-01-2023 07:00|09-01-2023 18:00|14.5786085|120.9861|2993|HIV|MANERA, Fernando S. |14.6096971|120.9677432|1012, 312 Moriones St, Tondo, Maynila, 1012 Kalakhang Maynila, Philippines|50.61693693693694|34.258823595808344|-0.6905355891972725|Optimally Utilized|14.5786085|120.9861|0.25444471868423174|2.1116057941471116|0.25519142464344174|2.1112322517992825|5.285388010586694|Cluster_10km|car|place
34|DOH000000000003082|Malibay Health Center|NATIONAL CAPITAL REGION|NCR, FOURTH DISTRICT|PASAY CITY|BARANGAY 174|Rural Health Unit|Government|04-05-2021|Operational|Functional|5|20|12|240|1|4|4|0|3|320|77.0|24.06|19.25|100.0|0|14.5340352|121.0093594|50.61693694|34.2588236|-0.775185314|09-01-2023 07:00|09-01-2023 18:00|14.5786085|120.9861|3551|HIV|SANTIAGO, Rosauro L.|14.53377|120.99477|40 Russel Avenue, Baclaran, Pasay, Kalakhang Maynila, Philippines|50.61693693693694|34.258823595808344|-0.7751853143079394|Optimally Utilized|14.5786085|120.9861|0.25444471868423174|2.1116057941471116|0.25366676784075254|2.11201174725915|5.552630974560447|Cluster_10km|car|place
35|DOH000000000003209|Pulang Lupa 2 Health Center|NATIONAL CAPITAL REGION|NCR, FOURTH DISTRICT|CITY OF LAS PINAS|PULANG LUPA DOS|Rural Health Unit||22-03-2021|Operational|Functional|4|16|12|192|1|4|4|0|3|256|212.0|82.81|53|100.0|0|14.7022769|121.0006233|50.61693694|34.2588236|0.939701358|09-01-2023 07:00|09-01-2023 18:00|14.5786085|120.9861|3548|Covid-19|BUBAN, Mark Jayson C.|14.4760526|121.0014279|F2G2+9HM, Schilling Ln, Franc, Parañaque, 1700 Metro Manila, Philippines|50.61693693693694|34.258823595808344|0.9397013581926371|Optimally Utilized|14.5786085|120.9861|0.25444471868423174|2.1116057941471116|0.2566031394449051|2.1118592735503663|13.839781990347475|Cluster_gthn_10km|car|place
36|DOH000000000003482|Kamuning Health Center|NATIONAL CAPITAL REGION|NCR, SECOND DISTRICT|QUEZON CITY|KAMUNING|Rural Health Unit|Government|01-06-2019|Operational|Functional|5|20|12|240|1|4|2|2|3|160|8.0|5.0|2|50.0|0|14.625885|121.036988|50.61693694|34.2588236|-1.331538335|09-01-2023 07:00|09-01-2023 18:00|14.5786085|120.9861|233|TB|CALAYWAN, Genesis|14.6872734|121.1056781|J3G3+CR Quezon City, Metro Manila, Philippines|50.61693693693694|34.258823595808344|-1.3315383352077006|Underutilized|14.5786085|120.9861|0.25444471868423174|2.1116057941471116|0.25526984926805085|2.1124939572968664|7.590686064560168|Cluster_10km|car|place
37|DOH000000000003483|Holy Spirit Health Center|NATIONAL CAPITAL REGION|NCR, SECOND DISTRICT|QUEZON CITY|HOLY SPIRIT|Rural Health Unit|Government|16-09-2019|Transferred to other facility|Transferred to other facility|0|0|12|0|1|4|4|0|3|0|22.0|0.0|5.5|100.0|0|14.68936|121.08386|50.61693694|34.2588236|-1.477486137|09-01-2023 07:00|09-01-2023 18:00|14.5786085|120.9861|630|Covid-19|BAWAG, Ernie|14.68211|121.07712|16 Don Faustino, Quezon City, Metro Manila, Philippines|50.61693693693694|34.258823595808344|0.0|Not Operational|14.5786085|120.9861|0.25444471868423174|2.1116057941471116|0.25637769701075425|2.113312028023861|16.195149783183403|Cluster_gthn_10km|car|place
38|DOH000000000003484|Commonwealth Health Center|NATIONAL CAPITAL REGION|NCR, SECOND DISTRICT|QUEZON CITY|COMMONWEALTH|Rural Health Unit|Government|04-06-2019|Operational|Functional|5|20|12|240|1|4|2|2|3|160|210.0|96.56|52.5|50.0|0|14.6968976|121.0882077|50.61693694|34.2588236|1.341057813|09-01-2023 07:00|09-01-2023 18:00|14.5786085|120.9861|2523|TB|BAWAG, Ernie|14.68211|121.07712|16 Don Faustino, Quezon City, Metro Manila, Philippines|50.61693693693694|34.258823595808344|1.3410578134587294|Overutilized|14.5786085|120.9861|0.25444471868423174|2.1116057941471116|0.25650925294845256|2.11338790970375|17.1371829051802|Cluster_gthn_10km|car|place
39|DOH000000000003872|Amang Rodriguez Memorial Medical Center|NATIONAL CAPITAL REGION|NCR, SECOND DISTRICT|CITY OF MARIKINA|SANTO NIÑO|Hospital|Government|01-08-2017|Operational|Functional|5|20|12|240|2|20|19|1|3|1520|377.0|24.8|18.85|95.0|0|14.6357903|121.0984453|50.61693694|34.2588236|-0.75358504|09-01-2023 07:00|09-01-2023 18:00|14.5786085|120.9861|96|HIV|AMADO, Gerardo L.|14.63534|121.09998|Sumulong Hwy, Marikina, 1800 Metro Manila, Philippines|50.61693693693694|34.258823595808344|-0.7535850396245277|Optimally Utilized|14.5786085|120.9861|0.25444471868423174|2.1116057941471116|0.25544272936644863|2.1135665895312523|13.658654742352168|Cluster_gthn_10km|car|place
40|DOH000000000003897|Tejeros Health Center|NATIONAL CAPITAL REGION|NCR, FOURTH DISTRICT|CITY OF MAKATI|TEJEROS|Rural Health Unit|NCR, FOURTH DISTRICT (Not a Province)|14-01-2022|Transferred to other facility|Transferred to other facility|0|0|12|0|1|0|0|0|3|0|0.0|0.0|#DIV/0!|0.0|0|14.574712|121.014617|50.61693694|34.2588236|-1.477486137|09-01-2023 07:00|09-01-2023 18:00|14.5786085|120.9861|2909|TB|ULANDAY, Kim John E.|14.545052|121.0450677|3117 McKinley Rd, Makati, 1220 Metro Manila, Philippines|50.61693693693694|34.258823595808344|0.0|Not Operational|14.5786085|120.9861|0.25444471868423174|2.1116057941471116|0.2543767119299278|2.1121035096899026|3.0993127669483935|Cluster_5km|car|place
41|DOH000000000004173|Sumilang Super Health Center|NATIONAL CAPITAL REGION|NCR, SECOND DISTRICT|CITY OF PASIG|SANTA ROSA|Rural Health Unit|NCR, SECOND DISTRICT (Not a Province)|04-08-2017|Operational|Functional|5|20|12|240|1|4|4|0|3|320|75.0|23.44|18.75|100.0|0|14.558834|121.073324|50.61693694|34.2588236|-0.793282842|09-01-2023 07:00|09-01-2023 18:00|14.5786085|120.9861|3550|TB|MIRANDA, Emmanuel N.|14.57636261|121.0920004|25 B Harrison, Pasig, 1607 Metro Manila, Philippines|50.61693693693694|34.258823595808344|-0.7932828417453921|Optimally Utilized|14.5786085|120.9861|0.25444471868423174|2.1116057941471116|0.2540995885512961|2.113128140133871|9.641103547626726|Cluster_10km|car|place
42|DOH000000000004639|V. Luna General Hospital|NATIONAL CAPITAL REGION|NCR, SECOND DISTRICT|QUEZON CITY|PINYAHAN|Hospital||11-03-2014|Operational|Functional|4|16|12|192|1|4|4|0|3|256|0.0|0.0|0|100.0|0|14.6357147|121.0526552|50.61693694|34.2588236|-1.477486137|09-01-2023 07:00|09-01-2023 18:00|14.5786085|120.9861|1201|Covid-19|BENAVIDEZ, Michael|14.65802245|121.074828|Tandang Sora Ave, Quezon City,Metro Manila,Philippines|50.61693693693694|34.258823595808344|0.0|Underutilized|14.5786085|120.9861|0.25444471868423174|2.1116057941471116|0.2554414098975341|2.112767401521435|9.57115798160959|Cluster_10km|car|place
43|DOH000000000004661|West Rembo Health Center|NATIONAL CAPITAL REGION|NCR, FOURTH DISTRICT|CITY OF MAKATI|WEST REMBO|Rural Health Unit|NCR, FOURTH DISTRICT (Not a Province)|02-01-2020|Operational|Functional|5|20|12|240|2|8|8|0|3|640|56.0|8.75|7|100.0|0|14.562906|121.059984|50.61693694|34.2588236|-1.222077484|09-01-2023 07:00|09-01-2023 18:00|14.5786085|120.9861|1225|TB|ULANDAY, Kim John E.|14.545052|121.0450677|3117 McKinley Rd, Makati, 1220 Metro Manila, Philippines|50.61693693693694|34.258823595808344|-1.2220774837714936|Underutilized|14.5786085|120.9861|0.25444471868423174|2.1116057941471116|0.25417065835843733|2.1128953132116552|8.14074642992782|Cluster_10km|car|place
44|DOH000000000004708|Gat Andres Bonifacio Medical Center|NATIONAL CAPITAL REGION|NCR, FIRST DISTRICT|TONDO I / II|BARANGAY  12|Hospital|Government|03-04-2015|Operational|Functional|5|20|12|240|1|4|4|0|3|320|94.0|29.38|23.5|100.0|0|14.600982|120.9649024|50.61693694|34.2588236|-0.619896853|09-01-2023 07:00|09-01-2023 18:00|14.5786085|120.9861|1080|HIV|MANERA, Fernando S. |14.6096971|120.9677432|1012, 312 Moriones St, Tondo, Maynila, 1012 Kalakhang Maynila, Philippines|50.61693693693694|34.258823595808344|-0.6198968530704403|Optimally Utilized|14.5786085|120.9861|0.25444471868423174|2.1116057941471116|0.2548352099244267|2.1112358262335906|3.37527485656876|Cluster_5km|car|place
45|DOH000000000004710|San Dionisio Health Center|NATIONAL CAPITAL REGION|NCR, FOURTH DISTRICT|CITY OF PARA?AQUE|SAN DIONISIO|Rural Health Unit|NCR, FOURTH DISTRICT (Not a Province)|22-05-2019|Operational|Functional|4|16|12|192|1|4|4|0|3|256|161.0|62.89|40.25|100.0|0|14.4948166|120.9895504|50.61693694|34.2588236|0.358245315|09-01-2023 07:00|09-01-2023 18:00|14.5786085|120.9861|1202|HIV|BUBAN, Mark Jayson C.|14.4760526|121.0014279|F2G2+9HM, Schilling Ln, Franc, Parañaque, 1700 Metro Manila, Philippines|50.61693693693694|34.258823595808344|0.35824531536350546|Optimally Utilized|14.5786085|120.9861|0.25444471868423174|2.1116057941471116|0.2529822741427299|2.1116660149876223|9.324632924593262|Cluster_10km|car|place
46|DOH000000000004735|Moonwalk Health Center|NATIONAL CAPITAL REGION|NCR, FOURTH DISTRICT|CITY OF PARA?AQUE|MOONWALK|Rural Health Unit|NCR, FOURTH DISTRICT (Not a Province)|01-11-2014|Operational|Functional|3|12|12|144|1|4|4|0|3|192|72.0|37.5|18|100.0|0|14.4915749|121.0142935|50.61693694|34.2588236|-0.382877623|09-01-2023 07:00|09-01-2023 18:00|14.5786085|120.9861|2922|HIV|BUBAN, Mark Jayson C.|14.4760526|121.0014279|F2G2+9HM, Schilling Ln, Franc, Parañaque, 1700 Metro Manila, Philippines|50.61693693693694|34.258823595808344|-0.3828776227605734|Optimally Utilized|14.5786085|120.9861|0.25444471868423174|2.1116057941471116|0.252925695804368|2.1120978635497725|10.142326789949847|Cluster_gthn_10km|car|place
47|DOH000000000004799|San Lazaro Hospital|NATIONAL CAPITAL REGION|NCR, FIRST DISTRICT|SANTA CRUZ|BARANGAY 331|Hospital|NCR, CITY OF MANILA, FIRST DISTRICT (Not a Province)|01-10-2011|Operational|Functional|5|20|12|240|2|8|8|0|3|640|238.0|37.19|29.75|100.0|0|14.61338|120.98095|50.61693694|34.2588236|-0.391926386|09-01-2023 07:00|09-01-2023 18:00|14.5786085|120.9861|567|HIV|CALISIN, Carlo A.|14.67192|120.98271|2nd Flr, 1441-1449 Tayuman St, Santa Cruz, Manila, 1014 Metro Manila, Philippines|50.61693693693694|34.258823595808344|-0.3919263864792999|Optimally Utilized|14.5786085|120.9861|0.25444471868423174|2.1116057941471116|0.25505159584508896|2.1115159096906337|3.905927212746594|Cluster_5km|car|place
48|DOH000000000004806|A.H. Lacson Health Center|NATIONAL CAPITAL REGION|NCR, FIRST DISTRICT|SANTA ANA|BARANGAY 884|Rural Health Unit|Government|18-11-2014|Operational|Functional|5|20|12|240|2|20|15|5|3|1200|133.0|11.08|6.65|75.0|0|14.5806801|121.0136713|50.61693694|34.2588236|-1.154065808|09-01-2023 07:00|09-01-2023 18:00|14.5786085|120.9861|1029|TB|CRUZ, Ryan B.|14.573827|120.9824748|H2H2+FG3, Pedro Gil St, Paco, Manila, Metro Manila, Philippines|50.61693693693694|34.258823595808344|-1.1540658080791304|Underutilized|14.5786085|120.9861|0.25444471868423174|2.1116057941471116|0.2544808749250161|2.112087004111167|2.9759945425045995|Cluster_5km|car|place
49|DOH000000000004976|Amparo Health Center|NATIONAL CAPITAL REGION|NCR, THIRD DISTRICT|CALOOCAN CITY|BARANGAY 179|Rural Health Unit|Government|11-11-2021|Operational|Functional|3|12|12|144|1|4|4|0|3|192|99.0|51.56|24.75|100.0|0|14.746767|121.079117|50.61693694|34.2588236|0.027527596|09-01-2023 07:00|09-01-2023 18:00|14.5786085|120.9861|505|TB|BAUTISTA, Danilo Jr , C.|14.77854|121.03601|176, Caloocan, Metro Manila, Philippines|50.61693693693694|34.258823595808344|0.027527596224245443|Optimally Utilized|14.5786085|120.9861|0.25444471868423174|2.1116057941471116|0.25737963817444665|2.113229247057439|21.207370773091327|Cluster_gthn_10km|car|place
50|DOH000000000005032|UP Philippine General Hospital|NATIONAL CAPITAL REGION|NCR, FIRST DISTRICT|ERMITA|BARANGAY  670|Hospital||04-03-2021|Operational|Functional|2|8|12|96|1|4|4|0|3|128||0.0|0|100.0|0|14.5787087|120.9860011|50.61693694|34.2588236|-1.477486137|09-01-2023 07:00|09-01-2023 18:00|14.5786085|120.9861|2037|Covid-19|DOMINGO, Johanna Roman|14.589613|120.9749784|HXPQ+35G, Conde de Gamazo, Intramuros, Manila, Metro Manila, Philippines|50.61693693693694|34.258823595808344|0.0|Underutilized|14.5786085|120.9861|0.25444471868423174|2.1116057941471116|0.25444646750414224|2.111604068016481|0.015408238216208335|Cluster_5km|car|place
51|DOH000000000005074|Batasan Hills Super Health Center|NATIONAL CAPITAL REGION|NCR, SECOND DISTRICT|QUEZON CITY|BATASAN HILLS|Rural Health Unit|Government|13-01-2016|Operational|Functional|4|16|12|192|1|4|3|1|3|192|236.0|96.56|59|75.0|0|14.686306|121.088347|50.61693694|34.2588236|1.341057813|09-01-2023 07:00|09-01-2023 18:00|14.5786085|120.9861|2734|TB|ESTOMATA, Anthony|14.6658717|121.0678729|5 Valerio Kalaw, Quezon City, Metro Manila, Philippines|50.61693693693694|34.258823595808344|1.3410578134587294|Overutilized|14.5786085|120.9861|0.25444471868423174|2.1116057941471116|0.25632439465539836|2.113390340947398|16.26110891702474|Cluster_gthn_10km|car|place
52|DOH000000000005087|Bagong Barrio Zone 1 Health Center|NATIONAL CAPITAL REGION|NCR, THIRD DISTRICT|CALOOCAN CITY|BARANGAY 143|Rural Health Unit|Government|01-06-2019|Operational|Functional|5|20|12|240|1|4|4|0|3|320|96.0|30.0|24|100.0|0|14.662467|120.993858|50.61693694|34.2588236|-0.601799326|09-01-2023 07:00|09-01-2023 18:00|14.5786085|120.9861|1047|TB|DELA CRUZ, Aaron Joseph C.|14.7219892|121.0344447|P28C+M64, Novaliches, Quezon City, Metro Manila, Philippines|50.61693693693694|34.258823595808344|-0.6017993256329874|Optimally Utilized|14.5786085|120.9861|0.25444471868423174|2.1116057941471116|0.2559083256150154|2.111741196790481|9.361925985088115|Cluster_10km|car|place
53|DOH000000000005088|Bagong Baranggay Health Center|NATIONAL CAPITAL REGION|NCR, FIRST DISTRICT|PANDACAN|BARANGAY 842|Rural Health Unit|Government||Operational|Functional|5|20|12|240|1|4|3|1|3|240|52.0|21.67|13|75.0|0|14.585713|121.001145|50.61693694|34.2588236|-0.844948364|09-01-2023 07:00|09-01-2023 18:00|14.5786085|120.9861|402|Covid-19|MANESE, Daryl|14.6103931|120.9868841|Dapitan St, cor Santander St, Sampaloc, Manila, Philippines|50.61693693693694|34.258823595808344|-0.8449483636232819|Optimally Utilized|14.5786085|120.9861|0.25444471868423174|2.1116057941471116|0.2545687156009397|2.111868378933074|1.801488684982523|Cluster_5km|car|place
54|DOH000000000005090|Putatan Health Center|NATIONAL CAPITAL REGION|NCR, FOURTH DISTRICT|CITY OF MUNTINLUPA|PUTATAN|Rural Health Unit||25-01-2021|Operational|Functional|5|20|12|240|1|4|4|0|3|320||0.0|0|100.0|0|14.3950221|121.0498869|50.61693694|34.2588236|-1.477486137|09-01-2023 07:00|09-01-2023 18:00|14.5786085|120.9861|2707|TB|TATLONG HARI, Mary Jane M. |14.4199739|121.0346812|1781 Filinvest Ave, Alabang, Muntinlupa, Metro Manila, Philippines|50.61693693693694|34.258823595808344|0.0|Underutilized|14.5786085|120.9861|0.25444471868423174|2.1116057941471116|0.25124053154234843|2.112719085571752|21.53800463317475|Cluster_gthn_10km|car|place
55|DOH000000000005172|Calaanan Rural Health Unit|NATIONAL CAPITAL REGION|NCR, THIRD DISTRICT|CALOOCAN CITY|BARANGAY  57|Rural Health Unit|Government|10-07-2019|Operational|Functional|1|4|12|48|1|4|4|0|3|64|79.0|96.56|19.75|100.0|0|14.647703|120.978525|50.61693694|34.2588236|1.341057813|09-01-2023 07:00|09-01-2023 18:00|14.5786085|120.9861|2592|Covid-19|TRINO, Efren G.|14.76847558|121.0370721|MX3C+WPG, A. Mabini St, Sangandaan, Caloocan, Metro Manila, Philippines|50.61693693693694|34.258823595808344|1.3410578134587294|Overutilized|14.5786085|120.9861|0.25444471868423174|2.1116057941471116|0.25565064520425096|2.111473585456273|7.726069808412446|Cluster_10km|car|place
56|DOH000000000005173|Tondo Foreshore Health Center|NATIONAL CAPITAL REGION|NCR, FIRST DISTRICT|TONDO I / II|BARANGAY 118|Rural Health Unit|NCR, CITY OF MANILA, FIRST DISTRICT (Not a Province)|15-04-2015|Operational|Functional|5|20|12|240|1|4|4|0|3|320|455.0|96.56|113.75|100.0|0|14.6144124|120.9606653|50.61693694|34.2588236|1.341057813|09-01-2023 07:00|09-01-2023 18:00|14.5786085|120.9861|494|HIV|MANERA, Fernando S. |14.6096971|120.9677432|1012, 312 Moriones St, Tondo, Maynila, 1012 Kalakhang Maynila, Philippines|50.61693693693694|34.258823595808344|1.3410578134587294|Overutilized|14.5786085|120.9861|0.25444471868423174|2.1116057941471116|0.25506961462428657|2.1111618748878547|4.831234069534799|Cluster_5km|car|place
57|DOH000000000005193|Nagpayong Health Center|NATIONAL CAPITAL REGION|NCR, SECOND DISTRICT|CITY OF PASIG|PINAGBUHATAN|Rural Health Unit||02-12-2019|Operational|Functional|5|20|12|240|1|4|3|1|3|240|84.0|35.0|21|75.0|0|14.5450268|121.1024572|50.61693694|34.2588236|-0.455851524|09-01-2023 07:00|09-01-2023 18:00|14.5786085|120.9861|1672|TB|MIRANDA, Emmanuel N.|14.57636261|121.0920004|25 B Harrison, Pasig, 1607 Metro Manila, Philippines|50.61693693693694|34.258823595808344|-0.4558515237180447|Optimally Utilized|14.5786085|120.9861|0.25444471868423174|2.1116057941471116|0.2538586074508148|2.1136366103955133|13.067589953193437|Cluster_gthn_10km|car|place
58|DOH000000000005247|Tatalon Health Center|NATIONAL CAPITAL REGION|NCR, SECOND DISTRICT|QUEZON CITY|TATALON|Rural Health Unit|NCR, SECOND DISTRICT (Not a Province)|02-06-2021|Operational|Functional|3|12|12|144|1|4|1|3|3|48|58.0|96.56|14.5|25.0|0|14.62113|121.013408|50.61693694|34.2588236|1.341057813|09-01-2023 07:00|09-01-2023 18:00|14.5786085|120.9861|3436|HIV|CRUZ, Ronaldo|14.6220442|121.025661|1180 E Rodriguez Sr. Ave, New Manila, Quezon City, 1112 Metro Manila, Philippines|50.61693693693694|34.258823595808344|1.3410578134587294|Overutilized|14.5786085|120.9861|0.25444471868423174|2.1116057941471116|0.2551868588621185|2.112082408659246|5.566883697243606|Cluster_10km|car|place
59|DOH000000000005248|Masambong Health Center|NATIONAL CAPITAL REGION|NCR, SECOND DISTRICT|QUEZON CITY|MASAMBONG|Rural Health Unit|NCR, SECOND DISTRICT (Not a Province)|14-08-2017|Operational|Functional|5|20|12|240|1|4|4|0|3|320|179.0|55.94|44.75|100.0|0|14.6406473|121.0114956|50.61693694|34.2588236|0.155377871|09-01-2023 07:00|09-01-2023 18:00|14.5786085|120.9861|1561|TB|EVANGELISTA, Jomar|14.676097|121.0435686|M2CQ+74 Quezon City, Metro Manila, Philippines|50.61693693693694|34.258823595808344|0.1553778707017351|Optimally Utilized|14.5786085|120.9861|0.25444471868423174|2.1116057941471116|0.255527500008218|2.112049030982631|7.419891440878213|Cluster_10km|car|place
60|DOH000000000005279|Rosario Reyes Health Center|NATIONAL CAPITAL REGION|NCR, FIRST DISTRICT|MALATE|BARANGAY 702|Rural Health Unit|NCR, CITY OF MANILA, FIRST DISTRICT (Not a Province)|09-12-2019|Operational|Functional|5|20|12|240|1|4|1|3|3|80|181.0|96.56|45.25|25.0|1|14.5694871|120.9878414|50.61693694|34.2588236|1.341057813|09-01-2023 07:00|09-01-2023 18:00|14.5786085|120.9861|3167|TB|DOMINGO, Johanna Roman|14.589613|120.9749784|HXPQ+35G, Conde de Gamazo, Intramuros, Manila, Metro Manila, Philippines|50.61693693693694|34.258823595808344|1.3410578134587294|Overutilized|14.5786085|120.9861|0.25444471868423174|2.1116057941471116|0.2542855202218403|2.1116361873107055|1.031421514506452|Cluster_5km|car|place
61|DOH000000000005342|Pedro Gil Health Center|NATIONAL CAPITAL REGION|NCR, FIRST DISTRICT|SANTA ANA|BARANGAY 803|Rural Health Unit|NCR, CITY OF MANILA, FIRST DISTRICT (Not a Province)|31-08-2021|Operational|Functional|2|8|12|96|1|4|3|1|3|96|102.0|96.56|25.5|75.0|0|14.5712846|121.0009084|50.61693694|34.2588236|1.341057813|09-01-2023 07:00|09-01-2023 18:00|14.5786085|120.9861|1168|HIV|CRUZ, Ryan B.|14.573827|120.9824748|H2H2+FG3, Pedro Gil St, Paco, Manila, Metro Manila, Philippines|50.61693693693694|34.258823595808344|1.3410578134587294|Overutilized|14.5786085|120.9861|0.25444471868423174|2.1116057941471116|0.25431689251514494|2.111864249484064|1.7896566522324289|Cluster_5km|car|place
62|DOH000000000005582|San Isidro Health Center|NATIONAL CAPITAL REGION|NCR, FOURTH DISTRICT|CITY OF MAKATI|SAN ISIDRO|Rural Health Unit|NCR, FOURTH DISTRICT (Not a Province)|01-04-2021|Operational|Functional|5|20|12|240|1|4|4|0|3|320|172.0|53.75|43|100.0|0|14.55151|121.00442|50.61693694|34.2588236|0.091452733|09-01-2023 07:00|09-01-2023 18:00|14.5786085|120.9861|3477|HIV|ULANDAY, Kim John E.|14.545052|121.0450677|3117 McKinley Rd, Makati, 1220 Metro Manila, Philippines|50.61693693693694|34.258823595808344|0.09145273346299027|Optimally Utilized|14.5786085|120.9861|0.25444471868423174|2.1116057941471116|0.2539717606368801|2.111925538466077|3.600940424022494|Cluster_5km|car|place
63|DOH000000000005625|E. Rodriguez Health Center|NATIONAL CAPITAL REGION|NCR, SECOND DISTRICT|QUEZON CITY|QUIRINO  2-B|Rural Health Unit|Government|01-11-2019|Operational|Functional|2|8|12|96|1|4|4|0|3|128|170.0|96.56|42.5|100.0|0|14.632263|121.063352|50.61693694|34.2588236|1.341057813|09-01-2023 07:00|09-01-2023 18:00|14.5786085|120.9861|1199|TB|BENAVIDEZ, Michael|14.65802245|121.074828|Tandang Sora Ave, Quezon City,Metro Manila,Philippines|50.61693693693694|34.258823595808344|1.3410578134587294|Overutilized|14.5786085|120.9861|0.25444471868423174|2.1116057941471116|0.25538116636774305|2.112954095900862|10.231871550287254|Cluster_gthn_10km|car|place
64|DOH000000000006028|Lung Center of the Philippines|NATIONAL CAPITAL REGION|NCR, SECOND DISTRICT|QUEZON CITY|CENTRAL|Hospital|Government|01-05-2011|Operational|Functional|5|20|12|240|3|24|24|0|3|1920|96.0|5.0|4|100.0|0|14.6478365|121.0456111|50.61693694|34.2588236|-1.331538335|09-01-2023 07:00|09-01-2023 18:00|14.5786085|120.9861|156|HIV|ESTOMATA, Anthony|14.6658717|121.0678729|5 Valerio Kalaw, Quezon City, Metro Manila, Philippines|50.61693693693694|34.258823595808344|-1.3315383352077006|Underutilized|14.5786085|120.9861|0.25444471868423174|2.1116057941471116|0.25565297521880237|2.112644458783595|10.012891594421275|Cluster_gthn_10km|car|place
65|DOH000000000006046|National Children's Hospital|NATIONAL CAPITAL REGION|NCR, SECOND DISTRICT|QUEZON CITY|DAMAYANG LAGI|Hospital|NCR, SECOND DISTRICT (Not a Province)|15-11-2013|Operational|Functional|7|28|12|336|1|4|4|0|3|448|274.0|61.16|68.5|100.0|0|14.6204213|121.0210078|50.61693694|34.2588236|0.307747376|09-01-2023 07:00|09-01-2023 18:00|14.5786085|120.9861|3733|HIV|BAWAG, Ernie|14.68211|121.07712|16 Don Faustino, Quezon City, Metro Manila, Philippines|50.61693693693694|34.258823595808344|0.3077473759009352|Optimally Utilized|14.5786085|120.9861|0.25444471868423174|2.1116057941471116|0.25517448971370965|2.112215050191739|5.977121935057512|Cluster_10km|car|place
66|DOH000000000006101|Bagong Silang Phase 1 Health Center|NATIONAL CAPITAL REGION|NCR, THIRD DISTRICT|CALOOCAN CITY|BARANGAY 176|Rural Health Unit|Government|04-01-2023|Operational|Functional|5|20|12|240|1|4|4|0|3|320|219.0|68.44|54.75|100.0|0|14.775043|121.045491|50.61693694|34.2588236|0.520247375|09-01-2023 07:00|09-01-2023 18:00|14.5786085|120.9861|1995|Covid-19|BAUTISTA, Danilo Jr , C.|14.77854|121.03601|176, Caloocan, Metro Manila, Philippines|50.61693693693694|34.258823595808344|0.5202473754890917|Optimally Utilized|14.5786085|120.9861|0.25444471868423174|2.1116057941471116|0.25787314747374057|2.1126423626431636|22.75760214468388|Cluster_gthn_10km|car|place
67|DOH000000000006113|Belmonte Health Center (temporarily in Calabash HC)|NATIONAL CAPITAL REGION|NCR, FIRST DISTRICT|SAMPALOC|BARANGAY 478|Rural Health Unit|Government|08-05-2017|Operational|Functional|5|20|12|240|2|8|8|0|3|640|231.0|36.09|28.88|100.0|0|14.611805|120.992925|50.61693694|34.2588236|-0.424034903|09-01-2023 07:00|09-01-2023 18:00|14.5786085|120.9861|802|Covid-19|SILVESTRE, Sajid|14.571807|121.019685|Hippodromo St, Circuit Makati, Makati, 1630 Metro Manila, Philippines|50.61693693693694|34.258823595808344|-0.4240349029005871|Optimally Utilized|14.5786085|120.9861|0.25444471868423174|2.1116057941471116|0.25502410690937005|2.11172491286856|3.7636328215709307|Cluster_5km|car|place
68|DOH000000000006596|Tondo Medical Center|NATIONAL CAPITAL REGION|NCR, FIRST DISTRICT|TONDO I / II|BARANGAY 126|Hospital|NCR, CITY OF MANILA, FIRST DISTRICT (Not a Province)|27-05-2019|Operational|Functional|5|20|12|240|3|24|17|7|3|1360|240.0|17.65|10|70.83333333|0|14.63492|120.96318|50.61693694|34.2588236|-0.962290396|09-01-2023 07:00|09-01-2023 18:00|14.5786085|120.9861|1378|HIV|BUGAWAN, Marcelo G. Jr.|14.62796918|120.9639863|C. Playa, Tondo, Manila, Metro Manila, Philippines|50.61693693693694|34.258823595808344|-0.9622903963628958|Optimally Utilized|14.5786085|120.9861|0.25444471868423174|2.1116057941471116|0.25542753976596855|2.111205764682554|6.729730111941239|Cluster_10km|car|place
69|DOH000000000006986|East Rembo Health Center|NATIONAL CAPITAL REGION|NCR, FOURTH DISTRICT|CITY OF MAKATI|EAST REMBO|Rural Health Unit|Government|03-04-2017|Operational|Functional|5|20|12|240|1|4|4|0|3|320|201.0|62.81|50.25|100.0|0|14.551624|121.062332|50.61693694|34.2588236|0.355910151|09-01-2023 07:00|09-01-2023 18:00|14.5786085|120.9861|1837|TB|MACAPAGAL, Joseph A.|14.545052|121.0450677|3117 McKinley Rd, Makati, 1220 Metro Manila, Philippines|50.61693693693694|34.258823595808344|0.35591015053286645|Optimally Utilized|14.5786085|120.9861|0.25444471868423174|2.1116057941471116|0.25397375031222735|2.112936293542492|8.735676142862758|Cluster_10km|car|place
70|DOH000000000007064|San Lorenzo Ruiz General Hospital|NATIONAL CAPITAL REGION|NCR, THIRD DISTRICT|CITY OF MALABON|SANTOLAN|Hospital|NCR, THIRD DISTRICT (Not a Province)|05-01-2015|Operational|Functional|5|20|12|240|1|4|4|0|3|320|100.0|31.25|25|100.0|0|14.6943062|120.9562873|50.61693694|34.2588236|-0.565312375|09-01-2023 07:00|09-01-2023 18:00|14.5786085|120.9861|1495|HIV|LAQUINDANUM, Raul|14.67080616|120.9696261|B. Rivera St, Malabon, Metro Manila, Philippines|50.61693693693694|34.258823595808344|-0.5653123751542517|Optimally Utilized|14.5786085|120.9861|0.25444471868423174|2.1116057941471116|0.2564640244862164|2.111085464373202|13.25880260442107|Cluster_gthn_10km|car|place
71|DOH000000000007165|Banlat Health Center|NATIONAL CAPITAL REGION|NCR, SECOND DISTRICT|QUEZON CITY|TANDANG SORA|Rural Health Unit|Government|06-04-2018|Operational|Functional|5|20|12|240|1|4|4|0|3|320|152.0|47.5|38|100.0|0|14.6795153|121.0337896|50.61693694|34.2588236|-0.090982019|09-01-2023 07:00|09-01-2023 18:00|14.5786085|120.9861|2957|TB|CRUZ, Ronaldo|14.6220442|121.025661|1180 E Rodriguez Sr. Ave, New Manila, Quezon City, 1112 Metro Manila, Philippines|50.61693693693694|34.258823595808344|-0.09098201893068807|Optimally Utilized|14.5786085|120.9861|0.25444471868423174|2.1116057941471116|0.25620587458188315|2.112438134686071|12.33783237030434|Cluster_gthn_10km|car|place
72|DOH000000000007256|Fairview Clinical Laboratory|NATIONAL CAPITAL REGION|NCR, SECOND DISTRICT|QUEZON CITY|FAIRVIEW|Rural Health Unit|Government|22-10-2021|Operational|Functional|3|12|12|144|1|4|4|0|3|192|156.0|81.25|39|100.0|0|14.68854|121.025973|50.61693694|34.2588236|0.894165644|09-01-2023 07:00|09-01-2023 18:00|14.5786085|120.9861|559|HIV|BAWAG, Ernie|14.68211|121.07712|16 Don Faustino, Quezon City, Metro Manila, Philippines|50.61693693693694|34.258823595808344|0.894165643995175|Optimally Utilized|14.5786085|120.9861|0.25444471868423174|2.1116057941471116|0.25636338531088787|2.112301709279759|12.954718379662738|Cluster_gthn_10km|car|place
73|DOH000000000007257|Santolan Health Center|NATIONAL CAPITAL REGION|NCR, THIRD DISTRICT|CITY OF MALABON|SANTOLAN|Rural Health Unit|NCR, THIRD DISTRICT (Not a Province)|26-05-2021|Operational|Functional|5|20|12|240|1|4|4|0|3|320|256.0|80.0|64|100.0|0|14.6858874|120.9592547|50.61693694|34.2588236|0.857678694|09-01-2023 07:00|09-01-2023 18:00|14.5786085|120.9861|277|TB|DE JESUS, Enrique J.|14.6133321|121.0070635|14 1A Premero de Mayo St, Galas, Quezon City, 1113 Metro Manila, Philippines|50.61693693693694|34.258823595808344|0.8576786935164392|Optimally Utilized|14.5786085|120.9861|0.25444471868423174|2.1116057941471116|0.2563170887071495|2.1111372552734258|12.273544473604119|Cluster_gthn_10km|car|place
74|DOH000000000007282|Catmon Health Center|NATIONAL CAPITAL REGION|NCR, THIRD DISTRICT|CITY OF MALABON|CATMON|Rural Health Unit|Government|01-07-2019|Operational|Functional|4|16|12|192|2|8|4|4|3|256|219.0|85.55|27.38|50.0|0|14.670477|120.9601916|50.61693694|34.2588236|1.019680754|09-01-2023 07:00|09-01-2023 18:00|14.5786085|120.9861|3160|Covid-19|LAQUINDANUM, Raul|14.67080616|120.9696261|B. Rivera St, Malabon, Metro Manila, Philippines|50.61693693693694|34.258823595808344|1.0196807536420256|Overutilized|14.5786085|120.9861|0.25444471868423174|2.1116057941471116|0.25604812648810016|2.111153607263188|10.588814269950719|Cluster_gthn_10km|car|place
75|DOH000000000007339|Batis Social Hygiene Clinic|NATIONAL CAPITAL REGION|NCR, SECOND DISTRICT|CITY OF SAN JUAN|BATIS|Rural Health Unit|Government|20-01-2020|Operational|Functional|5|20|12|240|1|4|4|0|3|320|152.0|47.5|38|100.0|0|14.5984358|121.0247737|50.61693694|34.2588236|-0.090982019|09-01-2023 07:00|09-01-2023 18:00|14.5786085|120.9861|653|Covid-19|GUINTU, Bon Louieze M.|14.6026312|121.0381049|606 General S. De Jesus, San Juan, Metro Manila, Philippines|50.61693693693694|34.258823595808344|-0.09098201893068807|Optimally Utilized|14.5786085|120.9861|0.25444471868423174|2.1116057941471116|0.25479077035101244|2.11228077754604|4.709588398533156|Cluster_5km|car|place
76|DOH000000000007359|National Center for Mental Health|NATIONAL CAPITAL REGION|NCR, SECOND DISTRICT|CITY OF MANDALUYONG|MAUWAY|Hospital|NCR, SECOND DISTRICT (Not a Province)|17-04-2017|Operational|Functional|3|12|12|144|1|4|4|0|3|192|168.0|87.5|42|100.0|0|14.581553|121.043954|50.61693694|34.2588236|1.076600396|09-01-2023 07:00|09-01-2023 18:00|14.5786085|120.9861|1580|HIV|ROBERTO, Reynaldo C.|14.5847424|121.0281873|blk.6 brgy, Mandaluyong, Metro Manila, Philippines|50.61693693693694|34.258823595808344|1.0766003963888533|Overutilized|14.5786085|120.9861|0.25444471868423174|2.1116057941471116|0.2544961099040567|2.1126155369325605|6.234508648245139|Cluster_10km|car|place
77|DOH000000000007520|Quirino Memorial Medical Center|NATIONAL CAPITAL REGION|NCR, SECOND DISTRICT|QUEZON CITY|MARILAG|Hospital|NCR, SECOND DISTRICT (Not a Province)|08-11-2017|Operational|Functional|5|20|12|240|1|4|4|0|3|320|309.0|96.56|77.25|100.0|0|14.622121|121.072133|50.61693694|34.2588236|1.341057813|09-01-2023 07:00|09-01-2023 18:00|14.5786085|120.9861|3131|HIV|CALAYWAN, Genesis|14.6872734|121.1056781|J3G3+CR Quezon City, Metro Manila, Philippines|50.61693693693694|34.258823595808344|1.3410578134587294|Overutilized|14.5786085|120.9861|0.25444471868423174|2.1116057941471116|0.25520415507500577|2.1131073532624796|10.44563531025881|Cluster_gthn_10km|car|place
78|DOH000000000007530|Bagumbong Health Center|NATIONAL CAPITAL REGION|NCR, THIRD DISTRICT|CALOOCAN CITY|BARANGAY 171|Rural Health Unit|Government|01-06-2019|Operational|Functional|5|20|12|240|1|4|4|0|3|320|226.0|70.63|56.5|100.0|0|14.748437|121.023347|50.61693694|34.2588236|0.584172513|09-01-2023 07:00|09-01-2023 18:00|14.5786085|120.9861|3482|Covid-19|DELA CRUZ, Aaron Joseph C.|14.7219892|121.0344447|P28C+M64, Novaliches, Quezon City, Metro Manila, Philippines|50.61693693693694|34.258823595808344|0.5841725127278365|Optimally Utilized|14.5786085|120.9861|0.25444471868423174|2.1116057941471116|0.2574087851729549|2.112255876933602|19.304462577490956|Cluster_gthn_10km|car|place
79|DOH000000000007535|Maysan 3S Health Center|NATIONAL CAPITAL REGION|NCR, THIRD DISTRICT|CITY OF VALENZUELA|MAYSAN|Rural Health Unit||07-08-2017|Operational|Functional|5|20|12|240|2|8|4|4|3|320|307.0|95.94|38.38|50.0|0|14.698372|120.979926|50.61693694|34.2588236|1.322960286|09-01-2023 07:00|09-01-2023 18:00|14.5786085|120.9861|2735|Covid-19|KELLEY, Mark Lester C.|14.6852989|120.9908765|P222+W5C, Valenzuela, Metro Manila, Philippines|50.61693693693694|34.258823595808344|1.3229602860212764|Overutilized|14.5786085|120.9861|0.25444471868423174|2.1116057941471116|0.256534986082944|2.1114980375190937|13.333648674337903|Cluster_gthn_10km|car|place
80|DOH000000000008510|Bangkal Health Center|NATIONAL CAPITAL REGION|NCR, FOURTH DISTRICT|CITY OF MAKATI|BANGKAL|Rural Health Unit|Government|01-02-2020|Operational|Functional|5|20|12|240|1|4|4|0|3|320|130.0|40.63|32.5|100.0|0|14.542502|121.014286|50.61693694|34.2588236|-0.291514299|09-01-2023 07:00|09-01-2023 18:00|14.5786085|120.9861|138|TB|MACAPAGAL, Joseph A.|14.545052|121.0450677|3117 McKinley Rd, Makati, 1220 Metro Manila, Philippines|50.61693693693694|34.258823595808344|-0.2915142987618192|Optimally Utilized|14.5786085|120.9861|0.25444471868423174|2.1116057941471116|0.2538145413778604|2.1120977326500787|5.032007007655679|Cluster_10km|car|place
81|DOH000000000008968|Camarin 174 Lying-In Health Center|NATIONAL CAPITAL REGION|NCR, THIRD DISTRICT|CALOOCAN CITY|BARANGAY 174|Rural Health Unit|Government|24-08-2019|Operational|Functional|5|20|12|240|1|4|4|0|3|320|188.0|58.75|47|100.0|0|14.76253|121.047605|50.61693694|34.2588236|0.237400535|09-01-2023 07:00|09-01-2023 18:00|14.5786085|120.9861|3873|Covid-19|DELA CRUZ, Aaron Joseph C.|14.7219892|121.0344447|P28C+M64, Novaliches, Quezon City, Metro Manila, Philippines|50.61693693693694|34.258823595808344|0.23740053537793293|Optimally Utilized|14.5786085|120.9861|0.25444471868423174|2.1116057941471116|0.25765475442443847|2.1126792589035506|21.494684597188215|Cluster_gthn_10km|car|place
82|DOH000000000009489|Dr. Elvira Manaloto-Lagrosa Health Center|NATIONAL CAPITAL REGION|NCR, FOURTH DISTRICT|PASAY CITY|BARANGAY  76|Rural Health Unit|Government|20-11-2014|Operational|Functional|5|20|12|240|2|8|6|2|3|480|259.0|53.96|32.38|75.0|0|14.5452662|120.9934909|50.61693694|34.2588236|0.097582541|09-01-2023 07:00|09-01-2023 18:00|14.5786085|120.9861|173|Covid-19|SANTIAGO, Rosauro L.|14.53377|120.99477|40 Russel Avenue, Baclaran, Pasay, Kalakhang Maynila, Philippines|50.61693693693694|34.258823595808344|0.09758254114341788|Optimally Utilized|14.5786085|120.9861|0.25444471868423174|2.1116057941471116|0.25386278576904403|2.111734789686797|3.7918631021243625|Cluster_5km|car|place
83|DOH000000000011699|Julian Felipe Health Center|NATIONAL CAPITAL REGION|NCR, THIRD DISTRICT|CALOOCAN CITY|BARANGAY   8|Rural Health Unit|Government|16-11-2021|Operational|Functional|3|12|12|144|1|4|4|0|3|192|149.0|77.6|37.25|100.0|0|14.655763|120.969298|50.61693694|34.2588236|0.787623749|09-01-2023 07:00|09-01-2023 18:00|14.5786085|120.9861|3714|TB|TRINO, Efren G.|14.76847558|121.0370721|MX3C+WPG, A. Mabini St, Sangandaan, Caloocan, Metro Manila, Philippines|50.61693693693694|34.258823595808344|0.7876237485972666|Optimally Utilized|14.5786085|120.9861|0.25444471868423174|2.1116057941471116|0.2557913187419617|2.1113125439261915|8.767594940631522|Cluster_10km|car|place
84|DOH000000000011889|Old Lower Bicutan Health Center|NATIONAL CAPITAL REGION|NCR, FOURTH DISTRICT|TAGUIG CITY|LOWER BICUTAN|Rural Health Unit|NCR, FOURTH DISTRICT (Not a Province)|25-11-2021|Operational|Functional|5|20|12|240|1|4|4|0|3|320|331.0|96.56|82.75|100.0|0|14.489457|121.061056|50.61693694|34.2588236|1.341057813|09-01-2023 07:00|09-01-2023 18:00|14.5786085|120.9861|579|TB|AMOR, Willyfield D.|14.50645|121.0455|DBP Ave, Taguig, 1630 Metro Manila, Philippines|50.61693693693694|34.258823595808344|1.3410578134587294|Overutilized|14.5786085|120.9861|0.25444471868423174|2.1116057941471116|0.25288873147614|2.1129140231412364|12.78139730991274|Cluster_gthn_10km|car|place
85|DOH000000000012254|Marulas 3S Health Center|NATIONAL CAPITAL REGION|NCR, THIRD DISTRICT|CITY OF VALENZUELA|MARULAS|Barangay Health Station|NCR, THIRD DISTRICT (Not a Province)|06-12-2019|Operational|Functional|5|20|12|240|1|4|4|0|3|320|207.0|64.69|51.75|100.0|0|14.6740261|120.9828161|50.61693694|34.2588236|0.410786524|09-01-2023 07:00|09-01-2023 18:00|14.5786085|120.9861|2205|TB|KELLEY, Mark Lester C.|14.6852989|120.9908765|P222+W5C, Valenzuela, Metro Manila, Philippines|50.61693693693694|34.258823595808344|0.41078652405288474|Optimally Utilized|14.5786085|120.9861|0.25444471868423174|2.1116057941471116|0.2561100699685827|2.111548479279805|10.615834308541126|Cluster_gthn_10km|car|place
86|DOH000000000012454|North Daang Hari Super Health Center|NATIONAL CAPITAL REGION|NCR, FOURTH DISTRICT|TAGUIG CITY|NORTH DAANG HARI|Rural Health Unit||15-11-2015|Operational|Functional|5|20|12|240|1|4|3|1|3|240|375.0|96.56|93.75|75.0|0|14.486858|121.04694|50.61693694|34.2588236|1.341057813|09-01-2023 07:00|09-01-2023 18:00|14.5786085|120.9861|253|TB|AMOR, Willyfield D.|14.50645|121.0455|DBP Ave, Taguig, 1630 Metro Manila, Philippines|50.61693693693694|34.258823595808344|1.3410578134587294|Overutilized|14.5786085|120.9861|0.25444471868423174|2.1116057941471116|0.25284337036888066|2.112667652464025|12.123095267763532|Cluster_gthn_10km|car|place
87|DOH000000000012551|Pamplona I Health Center|NATIONAL CAPITAL REGION|NCR, FOURTH DISTRICT|CITY OF LAS PINAS|PAMPLONA UNO|Rural Health Unit|NCR, FOURTH DISTRICT (Not a Province)|25-03-2021|Operational|Functional|3|12|12|144|1|4|4|0|3|192|93.0|48.44|23.25|100.0|0|14.458548|120.970332|50.61693694|34.2588236|-0.063543832|09-01-2023 07:00|09-01-2023 18:00|14.5786085|120.9861|1683|TB|DELA CRUZ, Eleazar C.|14.4562418|120.9945891|FX5J+FFP, Las Piñas, Metro Manila, Philippines|50.61693693693694|34.258823595808344|-0.06354383217067891|Optimally Utilized|14.5786085|120.9861|0.25444471868423174|2.1116057941471116|0.2523492676576411|2.111330590630657|13.457585127763148|Cluster_gthn_10km|car|place
88|DOH000000000022485|Caloocan City Quality Assurance Center|NATIONAL CAPITAL REGION|NCR, THIRD DISTRICT|CALOOCAN CITY|BARANGAY  155|Rural Health Unit|Government|11-03-2015|Operational|Functional|5|20|12|240|2|8|8|0|3|640|256.0|40.0|32|100.0|0|14.66850501|120.99978|50.61693694|34.2588236|-0.309903722|09-01-2023 07:00|09-01-2023 18:00|14.5786085|120.9861|2444|Covid-19|BAUTISTA, Danilo Jr , C.|14.77854|121.03601|176, Caloocan, Metro Manila, Philippines|50.61693693693694|34.258823595808344|-0.30990372180310205|Optimally Utilized|14.5786085|120.9861|0.25444471868423174|2.1116057941471116|0.25601370876978374|2.1118445551887843|10.103817714716183|Cluster_gthn_10km|car|place
89|DOH000000000022598|Sta. Ana Hospital|NATIONAL CAPITAL REGION|NCR, FIRST DISTRICT|SANTA ANA|BARANGAY 886|Hospital|NCR, CITY OF MANILA, FIRST DISTRICT (Not a Province)|28-06-2021|Operational|Functional|5|20|12|240|2|8|8|0|3|640|101.0|15.78|12.63|100.0|0|14.583602|121.016192|50.61693694|34.2588236|-1.016874874|09-01-2023 07:00|09-01-2023 18:00|14.5786085|120.9861|2510|TB|CRUZ, Ryan B.|14.573827|120.9824748|H2H2+FG3, Pedro Gil St, Paco, Manila, Metro Manila, Philippines|50.61693693693694|34.258823595808344|-1.0168748742790843|Underutilized|14.5786085|120.9861|0.25444471868423174|2.1116057941471116|0.2545318717004301|2.112130998625622|3.2855659816731215|Cluster_5km|car|place
90|DOH000000000022722|Sun Valley Health Center|NATIONAL CAPITAL REGION|NCR, FOURTH DISTRICT|CITY OF PARA?AQUE|SUN VALLEY|Rural Health Unit|NCR, FOURTH DISTRICT (Not a Province)|08-02-2022|Operational|Functional|4|16|12|192|1|4|4|0|3|256|73.0|28.52|18.25|100.0|0|14.4899472|121.0323247|50.61693694|34.2588236|-0.644999875|09-01-2023 07:00|09-01-2023 18:00|14.5786085|120.9861|1225|HIV|BUBAN, Mark Jayson C.|14.4760526|121.0014279|F2G2+9HM, Schilling Ln, Franc, Parañaque, 1700 Metro Manila, Philippines|50.61693693693694|34.258823595808344|-0.6449998749998104|Optimally Utilized|14.5786085|120.9861|0.25444471868423174|2.1116057941471116|0.2528972870801333|2.1124125673578584|11.043048382618164|Cluster_gthn_10km|car|place
91|DOH000000000022749|Kalinga Health Hub - Mandaluyong|NATIONAL CAPITAL REGION|NCR, SECOND DISTRICT|CITY OF MANDALUYONG|PLAINVIEW|Municipal Health Office|Government|01-06-2023|Operational|Functional|6|24|12|288|1|8|8|0|3|768|116.0|15.1|14.5|100.0|0|14.58029567|121.0271783|50.61693694|34.2588236|-1.036723775|09-01-2023 07:00|09-01-2023 18:00|14.5786085|120.9861|1744|Covid-19|ROBERTO, Reynaldo C.|14.5847424|121.0281873|blk.6 brgy, Mandaluyong, Metro Manila, Philippines|50.61693693693694|34.258823595808344|-1.0367237753395164|Underutilized|14.5786085|120.9861|0.25444471868423174|2.1116057941471116|0.2544741653557726|2.1123227457332336|4.424595456243039|Cluster_5km|car|place
92|DOH000000000022886|Marikina City Health Laboratory|NATIONAL CAPITAL REGION|NCR, SECOND DISTRICT|CITY OF MARIKINA|SANTO NIÑO|Rural Health Unit||02-05-2014|Operational|Functional|5|20|12|240|3|12|12|0|3|960|309.0|32.19|25.75|100.0|0|14.6363542|121.097672|50.61693694|34.2588236|-0.537874188|09-01-2023 07:00|09-01-2023 18:00|14.5786085|120.9861|2460|Covid-19|AMADO, Gerardo L.|14.63534|121.09998|Sumulong Hwy, Marikina, 1800 Metro Manila, Philippines|50.61693693693694|34.258823595808344|-0.5378741883942426|Optimally Utilized|14.5786085|120.9861|0.25444471868423174|2.1116057941471116|0.2554525712781006|2.1135530929001467|13.614514333257581|Cluster_gthn_10km|car|place
93|DOH000000000023542|DOH Treatment and Rehabilitation Center|NATIONAL CAPITAL REGION|NCR, FOURTH DISTRICT|TAGUIG CITY|LOWER BICUTAN|Drug Abuse Treatment and Rehabilitation Centers|Government|14-09-2018|Operational|Functional|5|20|12|240|1|4|3|1|3|240|496.0|96.56|124|75.0|1|14.485454|121.056926|50.61693694|34.2588236|1.341057813|09-01-2023 07:00|09-01-2023 18:00|14.5786085|120.9861|771|Covid-19|AMOR, Willyfield D.|14.50645|121.0455|DBP Ave, Taguig, 1630 Metro Manila, Philippines|50.61693693693694|34.258823595808344|1.3410578134587294|Overutilized|14.5786085|120.9861|0.25444471868423174|2.1116057941471116|0.2528188659461827|2.112841941043129|12.861291348124253|Cluster_gthn_10km|car|place
94|DOH000000000024037|Parola Health Center|NATIONAL CAPITAL REGION|NCR, FIRST DISTRICT|TONDO I / II|BARANGAY  20|Rural Health Unit|NCR, CITY OF MANILA, FIRST DISTRICT (Not a Province)|07-06-2019|Operational|Functional|5|20|12|240|1|4|2|2|3|160|150.0|93.75|37.5|50.0|0|14.5999754|120.9613973|50.61693694|34.2588236|1.259035149|09-01-2023 07:00|09-01-2023 18:00|14.5786085|120.9861|2517|HIV|MANERA, Fernando S. |14.6096971|120.9677432|1012, 312 Moriones St, Tondo, Maynila, 1012 Kalakhang Maynila, Philippines|50.61693693693694|34.258823595808344|1.2590351487825315|Overutilized|14.5786085|120.9861|0.25444471868423174|2.1116057941471116|0.2548176414401761|2.111174650697979|3.565268049197182|Cluster_5km|car|place
95|DOH000000000037036|Pateros Clinical Laboratory|NATIONAL CAPITAL REGION|NCR, FOURTH DISTRICT|PATEROS|AGUHO|Hospital||18-08-2021|Operational|Functional|5|20|12|240|1|2|2|0|3|160|54.0|33.75|27|100.0|0|14.510543|121.034078|50.61693694|34.2588236|-0.492338474|09-01-2023 07:00|09-01-2023 18:00|14.5786085|120.9861|2169|HIV|SILVESTRE, Sajid|14.571807|121.019685|Hippodromo St, Circuit Makati, Makati, 1630 Metro Manila, Philippines|50.61693693693694|34.258823595808344|-0.4923384741967804|Optimally Utilized|14.5786085|120.9861|0.25444471868423174|2.1116057941471116|0.25325675160221556|2.1124431682156333|9.162371065069289|Cluster_10km|car|place
96|DOH000000000039016|Tropical Disease Foundation|NATIONAL CAPITAL REGION|NCR, FOURTH DISTRICT|CITY OF MAKATI|SAN LORENZO|COVID-19 Testing Laboratory||04-03-2015|Operational|Functional|2|8|12|96|2|8|8|0|3|256||0.0|0|100.0|0|14.55985975|121.0143006|50.61693694|34.2588236|-1.477486137|09-01-2023 07:00|09-01-2023 18:00|14.5786085|120.9861|3039|TB|ULANDAY, Kim John E.|14.545052|121.0450677|3117 McKinley Rd, Makati, 1220 Metro Manila, Philippines|50.61693693693694|34.258823595808344|0.0|Underutilized|14.5786085|120.9861|0.25444471868423174|2.1116057941471116|0.25411749126609845|2.1120979874681494|3.6819908026431256|Cluster_5km|car|place
97|DOH000000000039136|Philippine Children's Medical Center|NATIONAL CAPITAL REGION|NCR, SECOND DISTRICT|QUEZON CITY|PROJECT  6|COVID-19 Testing Laboratory|NCR, SECOND DISTRICT (Not a Province)|17-10-2016|Operational|Functional|7|28|12|336|1|4|4|0|3|448|233.0|52.01|58.25|100.0|0|14.6472677|121.0415659|50.61693694|34.2588236|0.040662898|09-01-2023 07:00|09-01-2023 18:00|14.5786085|120.9861|1249|TB|BENAVIDEZ, Michael|14.65802245|121.074828|Tandang Sora Ave, Quezon City,Metro Manila,Philippines|50.61693693693694|34.258823595808344|0.04066289839659016|Optimally Utilized|14.5786085|120.9861|0.25444471868423174|2.1116057941471116|0.25564304778601704|2.112573856724693|9.6903918373577|Cluster_10km|car|place
98|DOH000000000039319|Domingo Santiago Health Center|NATIONAL CAPITAL REGION|NCR, SECOND DISTRICT|CITY OF MANDALUYONG|WACK-WACK GREENHILLS|General Clinic Laboratory|Private|18-11-2019|Operational|Functional|5|20|12|240|1|4|4|0|3|320|65.0|20.31|16.25|100.0|0|14.582342|121.053138|50.61693694|34.2588236|-0.884646166|09-01-2023 07:00|09-01-2023 18:00|14.5786085|120.9861|3794|HIV|ROBERTO, Reynaldo C.|14.5847424|121.0281873|blk.6 brgy, Mandaluyong, Metro Manila, Philippines|50.61693693693694|34.258823595808344|-0.8846461657441463|Optimally Utilized|14.5786085|120.9861|0.25444471868423174|2.1116057941471116|0.254509880551855|2.112775827971064|7.226155328831308|Cluster_10km|car|place
99|DOH000000000039327|Mandaluyong City Health Laboratory|NATIONAL CAPITAL REGION|NCR, SECOND DISTRICT|CITY OF MANDALUYONG|Barangay Plainview Mandaluyong City|General Clinic Laboratory||28-10-2014|Operational|Functional|5|20|12|240|2|8|8|0|3|640|372.0|58.13|46.5|100.0|0|14.57745|121.03447|50.61693694|34.2588236|0.219303008|09-01-2023 07:00|09-01-2023 18:00|14.5786085|120.9861|474|Covid-19|ROBERTO, Reynaldo C.|14.5847424|121.0281873|blk.6 brgy, Mandaluyong, Metro Manila, Philippines|50.61693693693694|34.258823595808344|0.2193030079404801|Optimally Utilized|14.5786085|120.9861|0.25444471868423174|2.1116057941471116|0.25442449904484743|2.112450009906301|5.206935643752202|Cluster_10km|car|place
100|DOH000000000039338|LoveYourself Inc.|NATIONAL CAPITAL REGION|NCR, SECOND DISTRICT|CITY OF MANDALUYONG|WACK-WACK GREENHILLS|General Clinic Laboratory|Private|Private|Operational|Functional|5|20|12|240|1|4|4|0|3|320|0.0|0.0|0|100.0|0|14.5835|121.0511|50.61693694|34.2588236|-1.477486137|09-01-2023 07:00|09-01-2023 18:00|14.5786085|120.9861|1594|Covid-19|ROBERTO, Reynaldo C.|14.5847424|121.0281873|blk.6 brgy, Mandaluyong, Metro Manila, Philippines|50.61693693693694|34.258823595808344|0.0|Underutilized|14.5786085|120.9861|0.25444471868423174|2.1116057941471116|0.25453009146459304|2.112740258160908|7.015999662000643|Cluster_10km|car|place
101|DOH000000000040934|Taguig Clinical Laboratory|NATIONAL CAPITAL REGION|NCR, FOURTH DISTRICT|TAGUIG CITY|TUKTUKAN|General Clinic Laboratory|NCR, FOURTH DISTRICT (Not a Province)|16-02-2018|Operational|Functional|5|20|12|240|1|4|4|0|3|320|369.0|96.56|92.25|100.0|0|14.5283593|121.0715603|50.61693694|34.2588236|1.341057813|09-01-2023 07:00|09-01-2023 18:00|14.5786085|120.9861|2488|HIV|AMOR, Willyfield D.|14.50645|121.0455|DBP Ave, Taguig, 1630 Metro Manila, Philippines|50.61693693693694|34.258823595808344|1.3410578134587294|Overutilized|14.5786085|120.9861|0.25444471868423174|2.1116057941471116|0.2535677046977386|2.1130973577618537|10.761967773691591|Cluster_gthn_10km|car|place
102|DOH000000000042530|NGC Health Center|NATIONAL CAPITAL REGION|NCR, SECOND DISTRICT|QUEZON CITY|Bagong Silangan|||04-07-2023|Operational|Functional|5|20|12|240|1|4|4|0|3|320|143.0|44.69|35.75|100.0|0|14.62971|120.99324|50.61693694|34.2588236|-0.173004684|09-01-2023 07:00|09-01-2023 18:00|14.5786085|120.9861|1732|Covid-19|ALORA, Sean Nicholas|14.69808|121.09513|P456+MV2, Rose, Lungsod Quezon, Kalakhang Maynila, Philippines|50.61693693693694|34.258823595808344|-0.1730046836068859|Optimally Utilized|14.5786085|120.9861|0.25444471868423174|2.1116057941471116|0.25533660811193964|2.1117304106557038|5.733931006561924|Cluster_10km|car|place
103|DOH000000000044126|New Bilibid Prison Hospital|NATIONAL CAPITAL REGION|NCR, FOURTH DISTRICT|CITY OF MUNTINLUPA|Las Piñas|||10-01-2014|Operational|Functional|5|20|12|240|2|8|8|0|3|640|252.0|39.38|31.5|100.0|0|14.42525|121.01434|50.61693694|34.2588236|-0.328001249|09-01-2023 07:00|09-01-2023 18:00|14.5786085|120.9861|1838|Covid-19|TATLONG HARI, Mary Jane M. |14.4199739|121.0346812|1781 Filinvest Ave, Alabang, Muntinlupa, Metro Manila, Philippines|50.61693693693694|34.258823595808344|-0.32800124924055485|Optimally Utilized|14.5786085|120.9861|0.25444471868423174|2.1116057941471116|0.251768107923312|2.112098675127875|17.321556623371492|Cluster_gthn_10km|car|place
104|DOH000000000045722|National Tuberculosis Reference Laboratory|NATIONAL CAPITAL REGION|NCR, FOURTH DISTRICT|CITY OF MUNTINLUPA||||20-10-2011|Operational|Functional|5|20|12|240|2|8|8|0|3|640|170.0|26.56|21.25|100.0|0|14.41022179|121.03833|50.61693694|34.2588236|-0.702211413|09-01-2023 07:00|09-01-2023 18:00|14.5786085|120.9861|1054|Covid-19|TATLONG HARI, Mary Jane M. |14.4199739|121.0346812|1781 Filinvest Ave, Alabang, Muntinlupa, Metro Manila, Philippines|50.61693693693694|34.258823595808344|-0.702211413350468|Optimally Utilized|14.5786085|120.9861|0.25444471868423174|2.1116057941471116|0.2515058161781309|2.1125173796154284|19.549815853035486|Cluster_gthn_10km|car|place
105|DOH000000000047318|Juan Posadas Health Center|NATIONAL CAPITAL REGION|NCR, FIRST DISTRICT|City of Manila|BARANGAY 902|||08-06-2022|Operational|Functional|5|20|12|240|1|4|4|0|3|320|74.0|23.13|18.5|100.0|0|14.63124001|120.96771|50.61693694|34.2588236|-0.802331605|09-01-2023 07:00|09-01-2023 18:00|14.5786085|120.9861|304|TB|DE JESUS, Enrique J.|14.6133321|121.0070635|14 1A Premero de Mayo St, Galas, Quezon City, 1113 Metro Manila, Philippines|50.61693693693694|34.258823595808344|-0.8023316054641186|Optimally Utilized|14.5786085|120.9861|0.25444471868423174|2.1116057941471116|0.2553633118240281|2.11128482809767|6.177841783579979|Cluster_10km|car|place
106|DOH000000000048914|Dona Marta Health Center|NATIONAL CAPITAL REGION|NCR, FOURTH DISTRICT|PASAY CITY|barangay 147|||29-05-2019|Operational|Functional|5|20|12|240|1|4|4|0|3|320|53.0|16.56|13.25|100.0|0|14.53604|121.00175|50.61693694|34.2588236|-0.994107017|09-01-2023 07:00|09-01-2023 18:00|14.5786085|120.9861|3223|TB|SANTIAGO, Rosauro L.|14.53377|120.99477|40 Russel Avenue, Baclaran, Pasay, Kalakhang Maynila, Philippines|50.61693693693694|34.258823595808344|-0.9941070171803532|Optimally Utilized|14.5786085|120.9861|0.25444471868423174|2.1116057941471116|0.2537017582015965|2.1118789381750487|5.024148609069627|Cluster_10km|car|place
107|DOH000000000050510|Quezon City Jail|NATIONAL CAPITAL REGION|NCR, SECOND DISTRICT|QUEZON CITY|KAMUNING|||13-12-2013|Operational|Functional|7|28|12|336|2|8|8|0|3|896|127.0|14.17|15.88|100.0|0|14.6274|121.0402|50.61693694|34.2588236|-1.063870066|09-01-2023 07:00|09-01-2023 18:00|14.5786085|120.9861|3347|TB|CALAYWAN, Genesis|14.6872734|121.1056781|J3G3+CR Quezon City, Metro Manila, Philippines|50.61693693693694|34.258823595808344|-1.0638700664956957|Underutilized|14.5786085|120.9861|0.25444471868423174|2.1116057941471116|0.25529629100621853|2.1125500172724405|7.95753261466008|Cluster_10km|car|place
108|DOH000000000052106|Philippine Tuberculosis Society, Inc. (Quezon Institute)|NATIONAL CAPITAL REGION|NCR, SECOND DISTRICT|QUEZON CITY|Kristong Hari|||01-12-2011|Operational|Functional|5|20|12|240|1|4|4|0|3|320||0.0|0|100.0|0|14.62411661|121.0335476|50.61693694|34.2588236|-1.477486137|09-01-2023 07:00|09-01-2023 18:00|14.5786085|120.9861|2730|Covid-19|CALAYWAN, Genesis|14.6872734|121.1056781|J3G3+CR Quezon City, Metro Manila, Philippines|50.61693693693694|34.258823595808344|0.0|Underutilized|14.5786085|120.9861|0.25444471868423174|2.1116057941471116|0.2552389850400915|2.1124339109892807|7.188382553473629|Cluster_10km|car|place
109|DOH000000000053702|Canossa Health and Social Center, Inc.|NATIONAL CAPITAL REGION|NCR, FIRST DISTRICT|QUEZON CITY|BARANGAY   100|||01-10-2017|Transferred to other facility|Transferred to other facility|0|0|12|0|1|0|0|0|3|0||0.0|#DIV/0!|0.0|0|14.6238332|120.9625477|50.61693694|34.2588236|-1.477486137|09-01-2023 07:00|09-01-2023 18:00|14.5786085|120.9861|3213|Covid-19|ALORA, Sean Nicholas|14.69808|121.09513|P456+MV2, Rose, Lungsod Quezon, Kalakhang Maynila, Philippines|50.61693693693694|34.258823595808344|0.0|Not Operational|14.5786085|120.9861|0.25444471868423174|2.1116057941471116|0.2552340386024584|2.1111947289656943|5.631265887308243|Cluster_10km|car|place
110|DOH000000000055298|DOH National Capital Region|NATIONAL CAPITAL REGION|NCR, SECOND DISTRICT|CITY OF MANDALUYONG|Brgy. Addition Hills|||27-03-2018|Transferred to other facility|Transferred to other facility|0|0|12|0|1|0|0|0|3|0|0.0|0.0|#DIV/0!|0.0|0|14.5866|121.03829|50.61693694|34.2588236|-1.477486137|09-01-2023 07:00|09-01-2023 18:00|14.5786085|120.9861|1040|Covid-19|ROBERTO, Reynaldo C.|14.5847424|121.0281873|blk.6 brgy, Mandaluyong, Metro Manila, Philippines|50.61693693693694|34.258823595808344|0.0|Not Operational|14.5786085|120.9861|0.25444471868423174|2.1116057941471116|0.25458419667140486|2.1125166814837275|5.686178707155491|Cluster_10km|car|place
111|DOH000000000056894|Kalinga Health Hub - Marikina|NATIONAL CAPITAL REGION|NCR, SECOND DISTRICT|CITY OF MARIKINA|Santo Niño|||15-05-2019|Transferred to other facility|Transferred to other facility|0|0|12|0|1|0|0|0|3|0|0.0|0.0|#DIV/0!|0.0|0|14.64151002|121.09406|50.61693694|34.2588236|-1.477486137|09-01-2023 07:00|09-01-2023 18:00|14.5786085|120.9861|661|Covid-19|AMADO, Gerardo L.|14.63534|121.09998|Sumulong Hwy, Marikina, 1800 Metro Manila, Philippines|50.61693693693694|34.258823595808344|0.0|Not Operational|14.5786085|120.9861|0.25444471868423174|2.1116057941471116|0.25554255731274084|2.1134900516075645|13.55957873941924|Cluster_gthn_10km|car|place
